,FIPStxt,State,Area_Name,POP_ESTIMATE_2019,land_area,population_density,Less than HS Diploma,HS Diploma,Some College,Bachelors,# in poverty,poverty_rate,Unemployment Rate,party
0,16001,ID,Ada County,481587,1054.99,456.4848956,4.9,23,34.4,37.8,9.7,0.00002014173971,2.5,gop
1,16003,ID,Adams County,4294,1364.58,3.146755778,10.4,37.7,32.9,19.1,13.2,0.003074056823,6.8,gop
2,16005,ID,Bannock County,87808,1113.3,78.87182251,8.1,26.5,38.2,27.2,13.8,0.0001571610787,2.8,gop
3,16007,ID,Bear Lake County,6125,971.38,6.305462332,6.2,38.8,34.7,20.3,10.7,0.001746938776,2.9,gop
4,16009,ID,Benewah County,9298,776.07,11.98087801,11.7,38.9,34.2,15.1,14.7,0.001580985158,5.2,gop
5,16011,ID,Bingham County,46811,2094.73,22.34703279,12.5,30,36.8,20.7,12,0.0002563500032,2.7,gop
6,16013,ID,Blaine County,23021,2644.78,8.704315671,11.6,22.1,28.1,38.2,7,0.0003040701968,2.6,dem
7,16015,ID,Boise County,7831,1902.46,4.116249488,6.3,27.4,39.2,27.2,12.8,0.001634529434,4.3,gop
8,16017,ID,Bonner County,45739,1737.67,26.32202892,9.2,30.5,37.3,23.1,14.1,0.0003082708411,4.2,gop
9,16019,ID,Bonneville County,119062,1868.48,63.72131358,8.3,26.1,35.5,30.1,10.6,0.00008902924527,2.4,gop
10,16021,ID,Boundary County,12245,1268.81,9.650775136,8,41.1,31.9,19,13.5,0.001102490813,4.4,gop
11,16023,ID,Butte County,2597,2232.85,1.163087534,5,36.9,40,18.2,15.1,0.005814401232,2.6,gop
12,16025,ID,Camas County,1106,1074.96,1.028875493,6.4,38,36.1,19.5,9.7,0.00877034358,2.7,gop
13,16027,ID,Canyon County,229849,589.72,389.7595469,15.4,32,34.3,18.3,11.5,0.00005003284765,3.2,gop
14,16029,ID,Caribou County,7155,1766.01,4.051505937,7.8,32.6,39.8,19.9,8.9,0.001243885395,2.7,gop
15,16031,ID,Cassia County,24030,2566.45,9.363128056,17.5,29.9,33.9,18.6,13,0.0005409904286,2.4,gop
16,16033,ID,Clark County,845,1764.63,0.4788539241,39.2,23.6,21.6,15.5,15.5,0.01834319527,3.7,gop
17,16035,ID,Clearwater County,8756,2461.4,3.5573251,10.5,34.8,37.8,16.9,15.5,0.00177021471,6.8,gop
18,16037,ID,Custer County,4315,4925.45,0.8760620857,10.6,29.8,36.5,23,14.7,0.003406720742,4.2,gop
19,16039,ID,Elmore County,27511,3077.57,8.939195534,10.6,28,44.9,16.4,12.9,0.0004689033478,3.3,gop
20,16041,ID,Franklin County,13876,665.43,20.85268172,8.8,36.3,36.8,18.1,8.8,0.000634188527,2.3,gop
21,16043,ID,Fremont County,13099,1866.76,7.01697058,12.3,32,34.8,20.9,15.3,0.001168028094,2.3,gop
22,16045,ID,Gem County,18112,562.58,32.19453233,12.1,39.2,33.9,14.8,13.4,0.0007398409894,3.3,gop
23,16047,ID,Gooding County,15179,730.78,20.77095706,20.2,37.2,27.4,15.2,13.7,0.0009025627512,2.6,gop
24,16049,ID,Idaho County,16667,8484.88,1.964317704,9.4,35.1,35.3,20.2,16.2,0.0009719805604,4.5,gop
25,16051,ID,Jefferson County,29871,1095.08,27.27745918,10.9,27.7,38.8,22.6,9.1,0.0003046432995,2.3,gop
26,16053,ID,Jerome County,24412,599.84,40.69751934,22.3,32.7,30.1,14.9,12.5,0.0005120432574,2.6,gop
27,16055,ID,Kootenai County,165697,1245.12,133.0771331,7.5,27.1,40.4,24.9,10.3,0.00006216165652,3.6,gop
28,16057,ID,Latah County,40108,1076.65,37.25258905,3.7,19.9,31.3,45.1,12.7,0.0003166450583,2.7,dem
29,16059,ID,Lemhi County,8027,4564.16,1.758702587,7.8,32,39.1,21.1,14.7,0.001831319297,4.8,gop
30,16061,ID,Lewis County,3838,479.04,8.011857047,11.5,29.4,41.8,17.3,14.2,0.003699843669,5.5,gop
31,16063,ID,Lincoln County,5366,1205.53,4.451154264,20.6,34.6,34.7,10.1,13.8,0.002571748043,3.6,gop
32,16065,ID,Madison County,39907,471.52,84.6347981,4.1,15.7,43.9,36.4,23.9,0.0005988924249,1.8,gop
33,16067,ID,Minidoka County,21039,759.62,27.69674311,21.6,29.6,35.5,13.4,12.4,0.0005893816246,2.5,gop
34,16069,ID,Nez Perce County,40408,849.08,47.59033307,7.7,32.9,37.5,21.9,13.3,0.000329142744,2.8,gop
35,16071,ID,Oneida County,4531,1200.33,3.774795265,9,37,38.5,15.5,11.3,0.0024939307,2.3,gop
36,16073,ID,Owyhee County,11823,7677.98,1.53985814,25,34.3,29.5,11.2,14.7,0.001243339254,3.4,gop
37,16075,ID,Payette County,23951,407.52,58.77257558,15,33.7,37.1,14.2,12.8,0.0005344244499,3.6,gop
38,16077,ID,Power County,7681,1405.57,5.464686924,19.1,33.9,31,15.9,13.7,0.001783621924,3.1,gop
39,16079,ID,Shoshone County,12882,2633.91,4.890827705,14.4,38.5,35.5,11.6,18.8,0.001459400714,5.9,gop
40,16081,ID,Teton County,12142,450.36,26.9606537,7.1,16.2,35.2,41.5,7.6,0.000625926536,2.2,dem
41,16083,ID,Twin Falls County,86878,1925.03,45.13072524,12.2,27.9,39.3,20.6,13.6,0.0001565413568,2.8,gop
42,16085,ID,Valley County,11392,3677.82,3.097487098,5.4,29.9,34.7,30.1,8.4,0.0007373595506,3.9,gop
43,16087,ID,Washington County,10194,1456.32,6.999835201,14.1,36.5,34.6,14.8,15.3,0.001500882872,4.2,gop
44,30001,MT,Beaverhead County,9453,5542.31,1.705606507,4.6,29.2,30.7,35.5,13.8,0.001459854015,2.9,gop
45,30003,MT,Big Horn County,13319,4994.81,2.666567897,11.8,35.8,35,17.4,25.6,0.001922066221,7.4,dem
46,30005,MT,Blaine County,6681,4226.18,1.580860257,10.9,25.9,41.3,21.8,20.8,0.003113306391,3.5,dem
47,30007,MT,Broadwater County,6237,1191.35,5.235237336,5.6,36.7,30.6,27,10.3,0.001651434985,4,gop
48,30009,MT,Carbon County,10725,2047.99,5.236841977,5.9,28.8,33.3,32,11.7,0.001090909091,3.4,gop
49,30011,MT,Carter County,1252,3339.57,0.3748985648,7.1,36.2,39.2,17.5,13.7,0.01094249201,2.8,gop
50,30013,MT,Cascade County,81366,2697.9,30.15901257,8.3,31.6,34,26,13.4,0.0001646879532,3.4,gop
51,30015,MT,Chouteau County,5635,3973.24,1.418238012,7,32.5,33.2,27.3,18.7,0.003318544809,2.7,gop
52,30017,MT,Custer County,11402,3783.13,3.013906474,7.4,29.7,40.5,22.5,12.5,0.001096298895,2.9,gop
53,30019,MT,Daniels County,1690,1426.09,1.185058447,4.7,38.2,35.2,21.9,10.1,0.005976331361,2,gop
54,30021,MT,Dawson County,8613,2373.14,3.629368685,5.9,37.1,36,21,11.4,0.001323580634,2.4,gop
55,30023,MT,Deer Lodge County,9140,736.98,12.40196478,10.2,37.7,34.7,17.4,15.9,0.001739606127,3.2,dem
56,30025,MT,Fallon County,2846,1620.33,1.756432332,4.8,35.7,42.1,17.3,9.2,0.003232607168,1.8,gop
57,30027,MT,Fergus County,11050,4339.17,2.546569966,6.8,29.8,34.4,28.9,12.2,0.001104072398,3.1,gop
58,30029,MT,Flathead County,103806,5098.34,20.36074487,6.1,29.9,34.1,29.9,11.2,0.0001078935707,4.7,gop
59,30031,MT,Gallatin County,114434,2605.84,43.91443834,3.3,18.8,28.9,49,9,0.00007864795428,2.3,dem
60,30033,MT,Garfield County,1258,4668.06,0.2694909663,4.6,41.6,37,16.8,16.3,0.01295707472,2.4,gop
61,30035,MT,Glacier County,13753,2994.72,4.592415985,11.1,41.6,28.4,19,27,0.001963208027,7.5,dem
62,30037,MT,Golden Valley County,821,1175.3,0.6985450523,5.2,40,28.8,25.9,18.9,0.02302070646,4.1,gop
63,30039,MT,Granite County,3379,1727.44,1.956073728,8.6,33.1,31.6,26.6,13.4,0.003965670317,5.7,gop
64,30041,MT,Hill County,16484,2896.36,5.691281471,10.4,29.7,35.4,24.5,13.5,0.0008189759767,3.7,gop
65,30043,MT,Jefferson County,12221,1656.64,7.376979911,5.2,28.5,32.3,34,7.7,0.0006300630063,3.3,gop
66,30045,MT,Judith Basin County,2007,1869.85,1.07334813,4.7,33.4,33.2,28.6,13.3,0.006626806178,3.1,gop
67,30047,MT,Lake County,30458,1493.77,20.39001988,8.8,29.7,33.5,28,18.2,0.0005975441592,4.2,gop
68,30049,MT,Lewis and Clark County,69432,3460.96,20.06148583,5,24.5,32,38.6,10.5,0.0001512270999,3,gop
69,30051,MT,Liberty County,2337,1429.76,1.634540063,25,23.8,34.7,16.6,19,0.008130081301,2.5,gop
70,30053,MT,Lincoln County,19980,3612.67,5.530535587,12.2,34.9,32.6,20.2,20.3,0.001016016016,7.2,gop
71,30055,MT,McCone County,1664,2642.53,0.6296995682,6.8,41.1,36,16.1,14.2,0.008533653846,2,gop
72,30057,MT,Madison County,8600,3586.54,2.397854199,4.7,33.8,32.7,28.9,9.2,0.001069767442,3.2,gop
73,30059,MT,Meagher County,1862,2391.82,0.7784866754,5.4,40.3,28.3,26.1,15.9,0.008539205156,3.5,gop
74,30061,MT,Mineral County,4397,1219.82,3.604630191,10.8,36.3,35.6,17.3,14,0.003183989083,5.7,gop
75,30063,MT,Missoula County,119600,2597.97,46.03594345,4.5,21.3,31.7,42.5,12.7,0.000106187291,3.2,dem
76,30065,MT,Musselshell County,4633,1867.15,2.481321801,10.5,42.5,32.9,14.1,15,0.003237642996,3.9,gop
77,30067,MT,Park County,16606,2802.41,5.925614025,4.6,31.6,31.4,32.4,10.5,0.0006323015777,3.4,gop
78,30069,MT,Petroleum County,487,1653.9,0.2944555294,1.2,40.5,29.3,29,16.2,0.03326488706,3.6,gop
79,30071,MT,Phillips County,3954,5139.57,0.7693250603,10.6,35.8,33.1,20.5,15.2,0.003844208397,3.7,gop
80,30073,MT,Pondera County,5911,1624.7,3.638210131,7.4,34,33.8,24.8,17.8,0.0030113348,3.8,gop
81,30075,MT,Powder River County,1682,3297.18,0.5101329014,5.2,28.4,40,26.4,12.2,0.007253269917,2.4,gop
82,30077,MT,Powell County,6890,2325.94,2.962243222,11.3,37.1,30.7,21,18.1,0.002626995646,3.6,gop
83,30079,MT,Prairie County,1077,1736.55,0.6201952146,7.2,38.3,33.6,20.9,13.5,0.01253481894,3.8,gop
84,30081,MT,Ravalli County,43806,2394.21,18.29664065,9,30.3,33.6,27.1,15.5,0.0003538328083,4,gop
85,30083,MT,Richland County,10803,2084.09,5.183557332,7.7,38.1,35.2,19,8.7,0.0008053318523,2.7,gop
86,30085,MT,Roosevelt County,11004,2355.6,4.671421294,13.2,34.6,35,17.1,25.4,0.002308251545,4.3,gop
87,30087,MT,Rosebud County,8937,5012.37,1.782988885,12.9,32.1,37,18,17,0.001902204319,5,gop
88,30089,MT,Sanders County,12113,2762.17,4.385320237,10.7,42.7,29.5,17.1,16,0.001320894906,5.9,gop
89,30091,MT,Sheridan County,3309,1676.58,1.973660666,7.6,29.3,39.4,23.6,10.9,0.00329404654,2.2,gop
90,30093,MT,Silver Bow County,34915,718.31,48.60714733,8.2,33.8,31.7,26.4,16.7,0.0004783044537,3.8,dem
91,30095,MT,Stillwater County,9642,1795.09,5.37131843,5.1,35.8,33.8,25.3,8.1,0.0008400746733,3.1,gop
92,30097,MT,Sweet Grass County,3737,1855.08,2.014468379,4.9,37.1,32.5,25.5,10,0.00267594327,2.8,gop
93,30099,MT,Teton County,6147,2272.61,2.704819569,7.8,32.4,35.4,24.4,15.8,0.002570359525,3.3,gop
94,30101,MT,Toole County,4736,1910.95,2.478348465,14.8,39.1,31.6,14.5,15.1,0.003188344595,2.4,gop
95,30103,MT,Treasure County,696,978.86,0.7110311996,5.8,35.6,35.1,23.5,11.4,0.01637931034,2.7,gop
96,30105,MT,Valley County,7396,4921,1.502946556,6.2,37.4,35.6,20.9,13.7,0.001852352623,3.2,gop
97,30107,MT,Wheatland County,2126,1423.09,1.493932218,20.2,35.3,24.7,19.8,19,0.008936970837,3.8,gop
98,30109,MT,Wibaux County,969,889.31,1.089608798,12.6,40.6,25.9,20.8,12,0.01238390093,3,gop
99,30111,MT,Yellowstone County,161300,2635.15,61.21093676,6.3,30.3,32.4,31,10.9,0.00006757594544,3.2,gop
100,38001,ND,Adams County,2216,987.91,2.243119312,4.5,33.6,33.3,28.6,10.4,0.004693140794,2.2,gop
101,38003,ND,Barnes County,10415,1491.65,6.982200918,8.6,28.2,36,27.2,12.3,0.001180988958,3,gop
102,38005,ND,Benson County,6832,1380.6,4.948573084,15.5,29.8,39,15.6,30.8,0.004508196721,4.2,gop
103,38007,ND,Billings County,928,1151.41,0.8059683345,11.2,32,30.5,26.3,9,0.009698275862,2.6,gop
104,38009,ND,Bottineau County,6282,1668.59,3.764855357,8.8,29.2,38.3,23.7,11.6,0.001846545686,3.3,gop
105,38011,ND,Bowman County,3024,1162.05,2.602297664,9.8,30.7,35.3,24.3,8.7,0.002876984127,1.6,gop
106,38013,ND,Burke County,2115,1103.53,1.916576804,6.9,29.5,41.3,22.3,9.3,0.004397163121,2.3,gop
107,38015,ND,Burleigh County,95626,1633.09,58.55525415,6,23.3,35.6,35.1,7.4,0.00007738481166,2.4,gop
108,38017,ND,Cass County,181923,1765.23,103.0590914,5.5,19.7,35.4,39.4,10.4,0.0000571670432,2,gop
109,38019,ND,Cavalier County,3762,1488.46,2.527444473,8.5,29.9,40.5,21.2,10.6,0.002817650186,2.8,gop
110,38021,ND,Dickey County,4872,1131,4.307692308,9.9,28.2,35.2,26.7,11.1,0.002278325123,1.9,gop
111,38023,ND,Divide County,2264,1259.53,1.797495891,5.8,36.7,39,18.4,10,0.004416961131,1.4,gop
112,38025,ND,Dunn County,4424,2009.6,2.201433121,9.9,35,34.2,21,10.4,0.002350813743,1.6,gop
113,38027,ND,Eddy County,2287,630.12,3.629467403,10,31,34.7,24.3,10.6,0.004634892873,4.5,gop
114,38029,ND,Emmons County,3241,1509.88,2.146528201,12.9,36,34.6,16.5,13.3,0.004103671706,4.1,gop
115,38031,ND,Foster County,3210,635.2,5.053526448,7.8,28.3,39.8,24.1,8.7,0.002710280374,2.7,gop
116,38033,ND,Golden Valley County,1761,1001.99,1.75750257,7.7,24.8,39.4,28.1,11.2,0.006360022714,1.8,gop
117,38035,ND,Grand Forks County,69451,1437.81,48.30332241,5.1,23.2,37.1,34.5,12.9,0.0001857424659,2.1,gop
118,38037,ND,Grant County,2274,1659.46,1.370325287,8.8,37.3,36.4,17.4,14.5,0.0063764292,2.3,gop
119,38039,ND,Griggs County,2231,708.5,3.14890614,9.6,30.6,33.8,25.9,9.2,0.00412371134,2.5,gop
120,38041,ND,Hettinger County,2499,1132.25,2.207109737,13.4,35.3,36.9,14.4,12.4,0.004961984794,2,gop
121,38043,ND,Kidder County,2480,1350.79,1.835962659,10,34.9,37.2,17.9,14.5,0.005846774194,4,gop
122,38045,ND,LaMoure County,4046,1147.18,3.526909465,15.9,27.7,32.4,24,11.4,0.002817597627,2.1,gop
123,38047,ND,Logan County,1850,992.64,1.863716957,13.4,36.1,34.1,16.4,12.9,0.006972972973,2.3,gop
124,38049,ND,McHenry County,5745,1874.09,3.065487783,10.1,34.1,35.9,19.8,11.9,0.002071366406,3.5,gop
125,38051,ND,McIntosh County,2497,975.19,2.560526667,19.9,29.7,33.6,16.8,13.6,0.005446535843,3,gop
126,38053,ND,McKenzie County,15024,2742.02,5.479172289,8.2,28.8,36.8,26.1,9.2,0.0006123535676,1.6,gop
127,38055,ND,McLean County,9450,2109.95,4.478779118,8.2,34.1,37.2,20.5,9.2,0.0009735449735,3.2,gop
128,38057,ND,Mercer County,8187,1045.49,7.830777913,7.3,27.1,44,21.6,7.2,0.0008794430194,4.2,gop
129,38059,ND,Morton County,31364,1926.27,16.28224496,8.4,30.6,34.7,26.3,8.1,0.0002582578753,3,gop
130,38061,ND,Mountrail County,10545,1823.93,5.781471877,9,31.8,38.6,20.6,10.4,0.0009862494073,1.4,gop
131,38063,ND,Nelson County,2879,981.62,2.932906827,8.3,30.9,38.1,22.7,10.8,0.003751302536,3.1,gop
132,38065,ND,Oliver County,1959,723.52,2.707596196,10.3,31.7,39.4,18.7,10.2,0.005206738132,3.7,gop
133,38067,ND,Pembina County,6801,1118.75,6.079106145,11.4,32.8,35.4,20.4,10.3,0.001514483164,3.5,gop
134,38069,ND,Pierce County,3975,1017.82,3.905405671,8.1,35.4,37.3,19.2,11.6,0.002918238994,3.2,gop
135,38071,ND,Ramsey County,11519,1184.85,9.721905726,8.2,28.9,36.8,26.1,12.3,0.001067801024,2.9,gop
136,38073,ND,Ransom County,5218,862.75,6.048101999,7.3,39.1,33.9,19.7,8.7,0.001667305481,1.7,gop
137,38075,ND,Renville County,2327,874.77,2.660127805,6,33.8,42.4,17.8,8.2,0.003523850451,2.5,gop
138,38077,ND,Richland County,16177,1436.71,11.25975319,9.4,27.5,41.5,21.6,11.6,0.0007170674414,2.3,gop
139,38079,ND,Rolette County,14176,902.45,15.70834949,13.7,25.2,41.1,20,24.7,0.00174238149,8.2,dem
140,38081,ND,Sargent County,3898,858.75,4.53915575,8.3,36.7,37.5,17.5,7.8,0.002001026167,1.8,gop
141,38083,ND,Sheridan County,1315,971.75,1.353228711,14.4,37.4,37.2,10.9,16.6,0.01262357414,4.3,gop
142,38085,ND,Sioux County,4230,1094.12,3.866120718,16,32.2,35.6,16.2,32.9,0.007777777778,3.9,dem
143,38087,ND,Slope County,750,1217.94,0.6157938815,10.7,28,34.7,26.5,12.7,0.01693333333,2.3,gop
144,38089,ND,Stark County,31489,1338.16,23.53156573,8.2,33,35.9,22.9,8.2,0.0002604083966,2,gop
145,38091,ND,Steele County,1890,712.36,2.6531529,3.7,29.2,39.7,27.5,7.8,0.004126984127,2.1,gop
146,38093,ND,Stutsman County,20704,2221.4,9.320248492,8.9,34.6,32.9,23.5,11.4,0.000550618238,2.3,gop
147,38095,ND,Towner County,2189,1024.55,2.136547753,8,32.2,41.6,18.2,9.3,0.004248515304,2.8,gop
148,38097,ND,Traill County,8036,861.89,9.323695599,7.3,25.5,40.4,26.8,8.2,0.001020408163,2.6,gop
149,38099,ND,Walsh County,10641,1281.74,8.301995725,14.1,33.9,35.2,16.8,10.9,0.001024339818,3.3,gop
150,38101,ND,Ward County,67641,2012.88,33.60408966,6.6,31.1,34,28.3,10.8,0.0001596664745,2.5,gop
151,38103,ND,Wells County,3834,1271.28,3.015858033,15,34.2,28.7,22.1,11.4,0.002973395931,3.1,gop
152,38105,ND,Williams County,37589,2070.46,18.15490278,7.9,26.4,40.8,24.8,6.5,0.0001729229296,1.8,gop
153,46003,SD,Aurora County,2751,708.18,3.884605609,13.2,33.6,32.7,20.6,10.2,0.003707742639,2.8,gop
154,46005,SD,Beadle County,18453,1258.7,14.66036387,14.7,35.3,30,20.1,12.9,0.0006990733214,3.2,gop
155,46007,SD,Bennett County,3365,1185.29,2.838967679,18,32.1,31.4,18.4,32.5,0.009658246657,5.4,gop
156,46009,SD,Bon Homme County,6901,563.34,12.25015089,12.3,36.4,32.9,18.4,15.7,0.002275032604,3.2,gop
157,46011,SD,Brookings County,35077,794.46,44.15200262,4.6,28.6,27.6,39.2,11.8,0.000336402771,3.3,gop
158,46013,SD,Brown County,38839,1713.07,22.67216167,6.8,30.5,33.3,29.3,11,0.0002832204743,3.1,gop
159,46015,SD,Brule County,5297,818.96,6.467959363,12.5,30.7,32.1,24.8,15.8,0.002982820464,3.1,gop
160,46017,SD,Buffalo County,1962,470.59,4.169234365,20.4,39.8,30.5,9.4,45.7,0.02329255861,6.6,dem
161,46019,SD,Butte County,10429,2248.51,4.638182619,9.4,42.2,27.7,20.6,14.3,0.001371176527,3.4,gop
162,46021,SD,Campbell County,1376,735.79,1.870098805,10.8,36.9,23.4,28.8,10.9,0.007921511628,3.6,gop
163,46023,SD,Charles Mix County,9292,1097.57,8.465974835,12.1,38.2,32.2,17.5,20.9,0.002249246664,3.7,gop
164,46025,SD,Clark County,3736,957.92,3.90011692,9,40.3,32.1,18.6,12.6,0.003372591006,4,gop
165,46027,SD,Clay County,14070,411.6,34.18367347,4.1,21.7,25.8,48.4,19.5,0.001385927505,3.3,dem
166,46029,SD,Codington County,28009,687.67,40.73029215,8,36.8,33.7,21.6,11.3,0.0004034417509,3.2,gop
167,46031,SD,Corson County,4086,2472.93,1.652291007,16.9,34.2,31.9,17,33.6,0.008223201175,5.8,gop
168,46033,SD,Custer County,8972,1557.69,5.759811002,5.9,30.6,38.5,25,10.1,0.001125724476,4.4,gop
169,46035,SD,Davison County,19775,435.44,45.41383428,8.3,30.6,37.2,23.9,12,0.0006068268015,2.9,gop
170,46037,SD,Day County,5424,1028.57,5.273340657,10.4,37.8,31.2,20.6,15.3,0.00282079646,4.6,gop
171,46039,SD,Deuel County,4351,623.55,6.977788469,9.2,37.7,29.6,23.6,9.1,0.002091473225,4.8,gop
172,46041,SD,Dewey County,5892,2302.64,2.558802071,14.4,35.6,34,16,25.8,0.004378818737,8.3,dem
173,46043,SD,Douglas County,2921,433.53,6.737711346,12.4,36.6,34,16.9,12.1,0.00414241698,2.8,gop
174,46045,SD,Edmunds County,3829,1145.58,3.342411704,9.7,35.3,29.5,25.5,11.5,0.003003395142,3,gop
175,46047,SD,Fall River County,6713,1739.86,3.858356419,7.7,31.9,38.9,21.5,13,0.00193654104,4.3,gop
176,46049,SD,Faulk County,2299,1000.14,2.298678185,7.2,33.3,30.5,28.9,15.6,0.006785558939,3.3,gop
177,46051,SD,Grant County,7052,682.51,10.33244934,9.2,43.6,29.8,17.4,9.9,0.001403857062,3.4,gop
178,46053,SD,Gregory County,4185,1015.93,4.119378304,10.7,34.4,34.4,20.5,16.5,0.00394265233,3.5,gop
179,46055,SD,Haakon County,1899,1812.97,1.047452523,9.6,43.9,31.4,15.1,11,0.00579252238,2.9,gop
180,46057,SD,Hamlin County,6164,506.86,12.16114904,8.7,42.3,28.7,20.3,9.3,0.001508760545,3.3,gop
181,46059,SD,Hand County,3191,1436.58,2.221247685,6.3,32.7,37.7,23.3,9.8,0.003071137574,2.8,gop
182,46061,SD,Hanson County,3453,434.76,7.942313,7.1,38.2,34.6,20.1,8.8,0.002548508543,4.7,gop
183,46063,SD,Harding County,1298,2670.5,0.4860513013,7.5,32.9,33.6,26.1,10.7,0.008243451464,2.8,gop
184,46065,SD,Hughes County,17526,740.92,23.65437564,7.7,27.8,29,35.5,9.4,0.0005363460002,2.7,gop
185,46067,SD,Hutchinson County,7291,812.82,8.970005659,12.3,33,29.1,25.5,11.5,0.001577287066,3.1,gop
186,46069,SD,Hyde County,1301,860.97,1.511086333,7.8,42.8,26.9,22.5,10.3,0.007916986933,3.5,gop
187,46071,SD,Jackson County,3344,1869.13,1.789067641,17.3,33.3,28.8,20.5,32.7,0.009778708134,5.7,gop
188,46073,SD,Jerauld County,2013,529.91,3.79875828,11.3,40.8,27.2,20.8,14.5,0.007203179334,2.8,gop
189,46075,SD,Jones County,903,970.52,0.9304290483,6,42.5,27.5,24,13.2,0.0146179402,3.1,gop
190,46077,SD,Kingsbury County,4939,838.37,5.891193626,8.7,37.9,30.7,22.7,9,0.001822231221,3,gop
191,46079,SD,Lake County,12797,563.23,22.72073576,7.7,34.7,24.7,32.9,10.2,0.0007970618114,3.6,gop
192,46081,SD,Lawrence County,25844,800.04,32.30338483,6.4,30,29,34.7,12.7,0.0004914099985,3.2,gop
193,46083,SD,Lincoln County,61128,578.09,105.7413206,5.2,21.7,33.7,39.4,4.4,0.00007198010732,2.6,gop
194,46085,SD,Lyman County,3781,1639.96,2.305544038,9.9,38.1,32.2,19.8,21.1,0.00558053425,4.8,gop
195,46087,SD,McCook County,5586,574.52,9.722899116,12.3,34.1,30.2,23.4,9.6,0.00171858217,2.9,gop
196,46089,SD,McPherson County,2379,1136.94,2.092458705,16.5,33.1,33.9,16.4,17.1,0.007187894073,4.3,gop
197,46091,SD,Marshall County,4935,837.71,5.891060152,7.8,32.4,35.7,24,12,0.002431610942,3.8,gop
198,46093,SD,Meade County,28332,3470.63,8.16335939,5.5,30.6,36.6,27.2,8.4,0.0002964845404,3.6,gop
199,46095,SD,Mellette County,2061,1306.49,1.577509204,18.9,37.1,30.3,13.7,35.2,0.01707908782,5.7,gop
200,46097,SD,Miner County,2216,570.34,3.88540169,11.9,36,32,20.2,11.5,0.005189530686,3.1,gop
201,46099,SD,Minnehaha County,193134,809.67,238.5342176,7.8,27.2,33.1,31.9,9.6,0.00004970642145,2.9,gop
202,46101,SD,Moody County,6576,519.67,12.65418439,9.4,32.8,36.8,21,9.9,0.001505474453,3.6,gop
203,46102,SD,Oglala Lakota County,14177,"2,094.67",6.76,24,25.3,38.9,11.8,54,0.003808986386,9.7,dem
204,46103,SD,Pennington County,113775,2776.15,40.98301605,6.2,28.6,34.5,30.7,13.3,0.0001168973852,3.4,gop
205,46105,SD,Perkins County,2865,2871.62,0.9976946811,6.2,37.1,36.8,20,13.7,0.004781849913,3.1,gop
206,46107,SD,Potter County,2153,866.49,2.484737273,8.6,36,33.6,21.8,10.2,0.004737575476,3.2,gop
207,46109,SD,Roberts County,10394,1101.28,9.438108383,11.5,35.6,35.7,17.2,21.3,0.002049259188,4.3,gop
208,46111,SD,Sanborn County,2344,569.01,4.119435511,8.4,40,31.8,19.7,12.9,0.005503412969,3.1,gop
209,46115,SD,Spink County,6376,1503.87,4.239728168,9,36.5,32.3,22.2,12.6,0.001976160602,3.4,gop
210,46117,SD,Stanley County,3098,1443.28,2.14649964,5.9,33.1,29.7,31.3,7.8,0.002517753389,3,gop
211,46119,SD,Sully County,1391,1006.9,1.381467872,4.7,34.7,35.1,25.5,8.8,0.006326383896,2.9,gop
212,46121,SD,Todd County,10177,1388.12,7.331498718,22.1,29.5,32.5,15.8,48.4,0.004755821951,6.5,dem
213,46123,SD,Tripp County,5441,1613.52,3.372130497,9.4,40.4,28.7,21.5,19.9,0.003657415916,2.9,gop
214,46125,SD,Turner County,8384,616.82,13.59229597,6.6,33.1,37.1,23.2,9.4,0.001121183206,3,gop
215,46127,SD,Union County,15932,460.38,34.60619488,8.2,27.7,33.7,30.4,5.9,0.0003703238765,3.4,gop
216,46129,SD,Walworth County,5435,707.81,7.678614317,9.9,38.5,28.4,23.2,15,0.002759889604,5.5,gop
217,46135,SD,Yankton County,22814,521.55,43.74269006,9.1,33,29.7,28.2,11,0.0004821600771,2.9,gop
218,46137,SD,Ziebach County,2756,1962.33,1.40445287,15.9,37.6,30.2,16.3,43.9,0.01592888244,5.6,dem
219,56001,WY,Albany County,38880,4272.75,9.099526066,4,16,30,49.9,20.4,0.000524691358,3.1,dem
220,56003,WY,Big Horn County,11790,3136.99,3.758379848,10.1,29.1,42.1,18.8,13,0.001102629347,4.2,gop
221,56005,WY,Campbell County,46341,4796.76,9.660896105,7.7,34,39,19.2,9.2,0.0001985283011,3.7,gop
222,56007,WY,Carbon County,14800,7896.14,1.874333535,9.8,35.2,34.7,20.3,13.4,0.0009054054054,3.3,gop
223,56009,WY,Converse County,13822,4254.72,3.248627407,10.1,38.2,34.5,17.2,9.5,0.0006873100854,2.7,gop
224,56011,WY,Crook County,7584,2858.59,2.653056227,6.8,29,41.8,22.4,8.2,0.001081223629,3.2,gop
225,56013,WY,Fremont County,39261,9182.27,4.275740095,8.8,31.1,36.6,23.5,15.7,0.0003998879295,4.4,gop
226,56015,WY,Goshen County,13211,2225.32,5.936674276,7.4,29.1,39,24.5,12.9,0.0009764590114,3.6,gop
227,56017,WY,Hot Springs County,4413,2003.89,2.202216689,5.6,28,43.3,23.1,13.5,0.00305914344,3.5,gop
228,56019,WY,Johnson County,8445,4166.28,2.026988104,4.4,29.2,37.5,28.8,10.3,0.001219656602,3.6,gop
229,56021,WY,Laramie County,99500,2686.05,37.04324194,6.8,25.8,38.7,28.7,9.1,0.00009145728643,3.5,gop
230,56023,WY,Lincoln County,19830,4069.09,4.873325486,6.2,31.8,39.5,22.6,7.9,0.0003983862834,3.3,gop
231,56025,WY,Natrona County,79858,5339.88,14.95501772,7.5,29,40.8,22.7,9.9,0.0001239700468,3.9,gop
232,56027,WY,Niobrara County,2356,2625.81,0.8972469448,11.9,31.3,40.2,16.6,13.6,0.005772495756,2.7,gop
233,56029,WY,Park County,29194,6942.39,4.20518006,5.2,26.7,36,32.1,10.2,0.0003493868603,4,gop
234,56031,WY,Platte County,8393,2084.93,4.025554815,6.6,37,34.6,21.7,10.6,0.001262957226,3.4,gop
235,56033,WY,Sheridan County,30485,2523.32,12.08130558,4.8,24.3,40.9,30,8.7,0.0002853862555,3.5,gop
236,56035,WY,Sublette County,9831,4882.57,2.013488798,3.7,35.5,35.5,25.2,6.8,0.0006916895535,4.4,gop
237,56037,WY,Sweetwater County,42343,10425.3,4.061561778,9,33.3,35.7,22,8.4,0.0001983798975,3.9,gop
238,56039,WY,Teton County,23464,4007.76,5.854641995,5.6,13.2,23.8,57.4,6.3,0.00026849642,2.7,dem
239,56041,WY,Uinta County,20226,2081.66,9.716284119,7.2,40.1,37.2,15.4,10,0.0004944131316,3.9,gop
240,56043,WY,Washakie County,7805,2240.06,3.484281671,10.4,30.3,37.7,21.5,11.9,0.001524663677,3.9,gop
241,56045,WY,Weston County,6927,2397.86,2.88882587,7.8,35.8,37.3,19.2,11.8,0.00170347914,2.9,gop